voterIndex,report,peerIndex,peerReport,peerMatch,lotteryWin,lotteryDraw,stake,expectedScore,allocationScore,payout,payoutShare
0,1,1,0,0,0,2960551350,10,0,1000,499,0.000166
1,0,2,1,0,0,312881656,10,0,1000,499,0.000166
2,1,3,1,1,1,3321762015,10,2322580,3001000,1498501,0.499500
3,1,4,0,0,0,500250773,10,0,1000,499,0.000166
4,0,5,0,1,1,1690555336,10,2322580,3001000,1498501,0.499500
5,0,6,1,0,0,2198128799,10,0,1000,499,0.000166
6,1,7,0,0,0,364855423,10,0,1000,499,0.000166
7,0,0,1,0,0,515819578,10,0,1000,503,0.000167
