voterIndex,report,stake,expectedScore,allocationScore,payout,payoutShare
0,1,10,0,1000,907,0.000302
1,0,20,0,1000,907,0.000302
2,1,10,2243902,2244902,2036962,0.678987
3,1,15,0,1000,907,0.000302
4,0,5,1054347,1055347,957593,0.319197
5,0,10,0,1000,907,0.000302
6,1,15,0,1000,907,0.000302
7,0,15,0,1000,910,0.000303
