voterIndex,report,peerIndex,peerReport,peerMatch,stake,expectedScore,allocationScore,payout,payoutShare
0,1,1,0,0,10,0,1000,644,0.000214
1,0,2,1,0,10,0,1000,644,0.000214
2,1,3,1,1,10,2322580,2323580,1498065,0.499355
3,1,4,0,0,10,0,1000,644,0.000214
4,0,5,0,1,10,2322580,2323580,1498065,0.499355
5,0,6,1,0,10,0,1000,644,0.000214
6,1,7,0,0,10,0,1000,644,0.000214
7,0,0,1,0,10,0,1000,650,0.000216
