mode,maxD,avgD,minD
baseline,8,7.237063,4
psi=0.05,8,7.237063,4
psi=0.10,8,7.237063,4
psi=0.20,8,7.237063,4
psi=0.30,8,7.237063,4
