dominantStakeMultiplier,dominantVoterIndex,dominantStakeShare,dominantExpectedScore,totalScore,dominantPayout,dominantPayoutShare,nonDominantAveragePayout,medianPayout,totalPayout,totalStake
1,2,0.125000,2322580,4645160,1498065,0.499355,214562,644,3000000,80
2,2,0.222222,4645161,7290322,1909820,0.636606,155740,411,3000000,90
4,2,0.363636,9290322,12580644,2214215,0.738071,112255,238,3000000,110
8,2,0.533333,18580645,23161290,2405983,0.801994,84859,129,3000000,150
16,2,0.695652,37161290,44322580,2514897,0.838299,69300,67,3000000,230
32,2,0.820512,74322580,86645160,2573140,0.857713,60980,34,3000000,390
64,2,0.901408,148645161,171290322,2603285,0.867761,56673,17,3000000,710
