dominantStakeMultiplier,dominantVoterIndex,dominantStakeShare,dominantExpectedScore,totalScore,dominantPayout,dominantPayoutShare,nonDominantAveragePayout,medianPayout,totalPayout,totalStake
1,2,0.100000,2243902,3298249,2036962,0.678987,137576,907,3000000,100
2,2,0.181818,4487804,5650847,2379709,0.793236,88613,530,3000000,110
4,2,0.307692,8975609,10356043,2598390,0.866130,57372,289,3000000,130
8,2,0.470588,17951219,19766436,2723549,0.907849,39493,151,3000000,170
16,2,0.640000,35902439,38587221,2790768,0.930256,29890,77,3000000,250
32,2,0.780487,71804878,76228791,2825638,0.941879,24908,39,3000000,410
64,2,0.876712,143609756,151511929,2843403,0.947801,22371,19,3000000,730
