dominantStakeMultiplier,dominantVoterIndex,dominantStakeShare,dominantExpectedReward,nonDominantAverageExpectedReward,medianExpectedReward,totalExpectedReward,totalStake
1,2,0.100000,2243902,150621,0,3298249,100
2,2,0.181818,4487804,166149,0,5650847,110
4,2,0.307692,8975609,197204,0,10356043,130
8,2,0.470588,17951219,259316,0,19766436,170
16,2,0.640000,35902439,383540,0,38587221,250
32,2,0.780487,71804878,631987,0,76228791,410
64,2,0.876712,143609756,1128881,0,151511929,730
