dominantStakeMultiplier,dominantVoterIndex,dominantStakeShare,dominantWinRate,totalScore,dominantPayout,dominantPayoutShare,nonDominantAveragePayout,totalPayout,totalStake,samples
1,2,0.125000,0.156250,4645160,749879,0.249959,321445,3000000,80,64
2,2,0.222222,0.109375,7290322,621014,0.207004,339854,3000000,90,64
4,2,0.363636,0.359375,12580644,1265342,0.421780,247808,3000000,110,64
8,2,0.533333,0.781250,23161290,2272846,0.757615,103878,3000000,150,64
